course_rating,review_count
0.9408475785567063,0.6130236476148992
0.9557125168842866,0.1918844294369427
0.9606538437997303,0.4705151788960606
0.9588668606766095,0.009892471569943877
0.9502699677760553,0.1463423414342644
0.9459321730691947,0.7344944147854291
0.9538590109133815,0.32952585974145654
0.9735675988987116,0.12421027621882953
0.948901623686724,0.003765474986230457
0.9475317581826457,0.17399302343162207
0.9038242665078995,0.519984736506748
0.9086333605922348,0.33455489277755973
0.9110471478857345,0.31907540669649764
0.9103382402517126,0.25627909153416106
0.9300808314087765,0.007790141367306606
0.9052423545784449,0.4086980312253633
0.9002592340973292,0.20135211510977835
0.9246380204581479,0.0999434818764017
0.9064175708208293,0.21831475195023525
0.926472702545172,0.09263932437443076
0.8911550031885109,0.25967017895005884
0.9010883651237187,0.17778009770075634
0.9100717766363751,0.02733029263428454
0.908433295795041,0.35801891377206274
0.9330279277408651,0.1040185465842534
0.8969724607187708,0.21215175656168217
0.9348606933104147,0.10051946275383657
0.9023871536785311,0.17345664123951085
0.9275236028214868,0.1658608934183385
0.926330811795196,0.10278738745873636
0.9031583803091094,0.2126521399489537
0.9217040645605745,0.3657802560954976
0.906902715585729,0.04984034530053602
0.9340715804394044,0.005075831482394784
0.9040159335924447,0.20468920431841664
0.9230249441940777,0.34188424944291845
0.974631568073824,0.10454412913491272
0.8831597743232702,0.05997400886290575
0.9540833297334654,1.0
0.9656190815013237,0.3440333780918473
0.9507216111514649,0.41630097880750355
0.9298493602971523,0.061053973008096125
0.9221392297926367,0.08506157595567827
0.9228775781769796,0.08115570563057306
0.9284934355907968,0.027690280682681336
0.894722331626624,0.02741668976589977
0.9675281643472498,0.0054286197698236414
0.9329202290375715,0.0458912764096232
0.8814428393080083,0.04036545986673242
0.9533774834437085,0.013585948946494975
0.9291760286476616,0.05126589797218732
0.9632344552196235,0.12620820988743175
0.9122104163037799,0.020663313977975932
0.9293441628471286,0.026700313549590154
0.9294245385450597,0.02652031952539176
0.8992105630850911,0.025760744743274524
0.9294836956521739,0.026491520481520012
0.9294982346550789,0.026505920003455887
0.9024266975308637,0.023323625655628233
0.9029588014981271,0.02402560235000198
0.952090395480226,0.11150269811042272
0.9556474052775596,0.07762062299531655
0.9498982222825343,0.026523919405875725
0.9481132075471701,0.002285924107319637
0.9182318168213108,0.04810520290726347
0.9354026462872134,0.03155655232246289
0.895574450990894,0.02688030757378855
0.9566374774527366,0.5767656513803742
0.9512072058603678,0.02407600067677753
0.9565325121234647,0.10169662367209407
0.952369592875318,0.02263244860270639
0.9510061570806427,0.023968004262258494
0.9401156188706512,0.03486844236771339
0.951271186440678,0.001695543707948896
0.9519749447310242,0.024421589203238454
0.9504988597491444,0.025253161595035045
0.9368356611645201,0.019842541227631242
0.9505593244803687,0.024936372112445867
0.920940170940171,0.00041758613614028016
0.9512702338129497,0.024014802708550078
0.9532721139430285,0.02400760294758214
0.9507426823940583,0.024716779402923824
0.9531923906346271,0.02336682422143585
0.9531375579598145,0.023287626850788553
0.9527299292525375,0.023402823026275527
0.953113936272932,0.022366057446892764
0.963892579237047,0.11380302173967824
0.9420273972602742,0.013135963885998983
0.9530178837555887,0.024151598166940857
0.9527122817489926,0.024119199242585147
0.9219492113017851,0.020764110631527034
0.9532739490545401,0.02303203533642683
0.9528278358809332,0.02236965732737673
0.9340447525234099,0.05920003455885264
0.9345367327778431,0.12269472653507903
0.9259260982874158,0.019334958079391763
0.9638467722485731,0.2238909668199016
0.9101124121779858,0.038425124285873705
0.953150406504065,0.022135665095918817
0.9530512611879578,0.022117665693498975
0.9572396916146917,0.08311044073336765
0.9575530263838592,0.03478924499706609
0.9162337662337663,0.00027359091678156287
0.8968159667086448,0.06574101739822237
0.9728464419475655,0.00095756820873547
0.9569623271340011,0.2642096282403424
0.8992412674174459,0.09429526939705601
0.9163701741105221,0.00475184223883767
0.9777401555053926,0.028701847098676323
0.942846034214619,0.0023111232707074126
0.8972602739726028,0.0002591913948456911
0.9116753472222223,0.002069931278281561
0.9181493815413893,0.003779874508166329
0.9113480371641418,0.0860119444034458
0.9529569892473118,0.0006659778895340675
0.973326535508638,0.07501790940540773
0.9051724137931028,0.0311065672619669
0.9043793609988984,0.02940382379305007
0.9089312526812519,0.03356168575203303
0.9532629791363418,0.029673814829347667
0.9459608678806664,0.009287691648637264
0.9673469387755103,0.0008783708380881754
0.9192035815268613,0.0038158733130060083
0.9212901701323251,0.0038050736715541044
0.9146902226524685,0.040901842058843646
0.9252626285203398,0.01610226540478856
0.9694934968806175,0.03404046985640077
0.9127153934520389,0.03760075165504505
0.9509512485136742,0.003023899606533063
0.908801141769743,0.003779874508166329
0.9117427687829731,0.03957348616025948
0.9481481481481482,0.0004823839848517029
0.9762066209457025,0.06980888234510614
0.9096760982874157,0.0241695975693607
0.9601449275362319,0.0004931836263036068
0.8900364520048603,0.014809908311044073
0.9547090112640801,0.023006836173039055
0.9207514332514335,0.008787308261365721
0.9279310481317284,0.04547009039299895
0.9142366165291922,0.022254461151889757
0.8807862679955705,0.006497784273562118
0.9297921926587687,0.18535424623902488
0.9433318415752965,0.08043572953377948
0.9404194809811595,0.02024932772231962
0.9051710947280562,0.025875940918761497
0.9254416961130731,0.03463445013625547
0.9426838810641627,0.00459704737802705
0.9391646489104115,0.01635065715818235
0.9438315539739026,0.006065798615485966
0.9575848656294201,0.05089871016282259
0.8972311477055928,0.03584760985935267
0.9482758620689655,0.0010403654598667323
0.9377133105802047,0.0010511651013186362
0.926880698161962,0.07383354872618228
0.9536020824539186,0.025580750719076128
0.8096000000000001,0.0004463851800120236
0.9351471068976782,0.05505657212180555
0.9029209621993131,0.06285031336959612
0.9170200698080273,0.08250566081206104
0.9339805373189924,0.0773110332736953
0.9484854604200323,0.01782300827612523
0.935201075819672,0.014050333528926838
0.9405926946933152,0.005219826701753502
0.9354127579737337,0.003833872715425848
0.9334559919511112,0.09660279278727946
0.9364426792614853,0.033532886708161284
0.9397251013970256,0.023960804501290556
0.9095238095238098,0.0015083499227825634
0.9014281900694083,0.013481552412459906
0.9531824921741996,0.0655466238520881
0.9544609963158737,0.022470453980927833
0.9305443548387096,0.0017819408395641264
0.9521364135072534,0.059056039339493924
0.9556772908366533,0.019874940151986955
0.9062855664769791,0.006954969095026045
0.9319931402439028,0.009442486509447885
0.9419340054995415,0.003923869727525046
0.8493333333333333,0.0010763642647064115
0.81373417721519,0.0014183529106833652
0.9749743589743589,0.017545817478859704
0.9409267308289351,0.02318683019723745
0.9448707059267649,0.019068566923578136
0.9202959830866806,0.0016991435884328638
0.9389776234567899,0.023323625655628233
0.9574958557811852,0.03474244655077451
0.9483532934131738,0.0036034803644519
0.9321332306507508,0.12153196513875739
0.9094444444444445,0.005018233394651297
0.9564888644487215,0.052367461400281506
0.9400215018193843,0.054408593634691325
0.9258487412031995,0.19489032964105593
0.9239108579088469,0.005367421801596187
0.9153541953232462,0.015699078790584152
0.899665551839465,0.0010727643842224437
0.9055853809622134,0.01743062130337273
0.9379917855598792,0.016649447238351687
0.9074856546687535,0.0068973710072825585
0.865,0.0006263792042104202
0.9008137279703179,0.04268738277889174
0.918257341576507,0.0046546454657705365
0.9433105501793324,0.05319183403111016
0.9532192339038306,0.022081666888659295
0.9580663615560641,0.8337647190113289
0.9365881809787628,0.003895070683653303
0.9374295112781958,0.003826672954457912
0.9415283674257044,0.01865098078743786
0.9437468290208015,0.14190368879753193
0.8943081187047925,0.05324943211885365
0.9268832391713746,0.01720022895239878
0.9195692883895132,0.002879904387174346
0.9237768136900457,0.10454772901539669
0.9080858085808581,0.0218116758523617
0.9438202247191012,0.00031678948258917803
0.9632228168646391,0.027575084507194363
0.9401006711409388,0.035934006990967896
0.8566666666666667,0.0006443786066302598
0.9395940265486729,0.0813536990571913
0.9464769647696476,0.013279959105357701
0.9697767145135565,0.0112820254367555
0.9465601965601966,0.002926702833465929
0.9091722161994726,0.04648525668947791
0.9269183673469388,0.008816107305237466
0.9282276995305165,0.001529949205686371
0.9510345647693039,0.02270084633190178
0.9498830213903744,0.005381821323532059
0.9629873876844448,0.04366655027053101
0.946577380952381,0.0006011800408226446
0.946,0.013495951934395777
0.9258048289738428,0.0035746813205801567
0.900082508250825,0.0010871639061583154
0.9113967716740428,0.02765068199735769
0.9166666666666667,0.00034198864597695356
0.9297356828193832,0.0008135729893767527
0.9392944535073411,0.004409853592860717
0.9373322535863027,0.015555083571225434
0.9648214699744957,0.015522684646869723
0.9397298006295907,0.0411646333341733
0.9010135135135136,0.034627250375287535
0.8592424242424244,0.0005903803993707408
0.8838964119117438,0.18289552786847477
0.8612312030075187,0.001911536536986972
0.8551266825019792,0.004543049170767531
0.9552919708029199,0.006900970887766526
0.9466728855721394,0.00289070402862625
0.9161267784552842,0.014165529704413812
0.8927642395441553,0.1598346934881762
0.9021317829457365,0.0004607847019478953
0.9637837837837837,0.006656179014856707
0.9371331376734251,0.04047345628125146
0.8889922230770826,0.17311825247401788
0.9247247706422017,0.0019583349832785553
0.8982712765957446,0.0013499551814879745
0.9612915699922662,0.009305691051057104
0.8983231707317072,0.0011771609182575137
0.9186267071320182,0.028464254986734442
0.9307077625570777,0.0007847739455050093
0.8214285714285714,9.719677306713417e-05
0.9304611650485437,0.007412153916489973
0.9444737238367715,0.07171681900160914
0.9562700134283648,0.03484684308480958
0.9633119486768245,0.008974502046532055
0.901712172513988,0.14990622311339263
0.9097222222222223,0.00012599581693887763
0.9380633654251851,0.09384888421704399
0.9616822429906542,0.0007667745430851695
0.9687677968032196,0.18963090425397877
0.9446270128162997,0.01095083643223045
0.9667662434652726,0.03373807989574746
0.9349981467753894,0.009708877665261512
0.9239766081871346,0.002458718370550098
0.9556451612903225,0.00021959270952204388
0.9254942058623046,0.005277424789496989
0.9455748125611214,0.0662558003074298
0.9429079956188391,0.006569781883241477
0.9118568497474742,0.02280524286593685
0.931211498973306,0.001749541915208415
0.9163157894736842,0.0017063433494007997
0.9113636363636364,0.0015803475324619222
0.8945181164399247,0.07858539096501996
0.9697170900692842,0.0031138966186322614
0.9415213946117273,0.011354023046434857
0.7364672364672364,0.003787074269134265
0.9341127098321345,0.0014975502813306598
0.9579957561728396,0.018658180548405793
0.9105868167202578,0.022387656729796573
0.8694636035653647,0.03392167380042982
0.8613844393592678,0.015727877834455898
0.8659739368998625,0.013117964483579145
0.9425133689839573,0.0006695777700180354
0.9467734526353633,0.18023881607130643
0.9481927710843379,0.0002951901996853704
0.9526854219948848,0.00703416646567334
0.9202526954177896,0.02670751331055809
0.8494835965978129,0.0029591017578216405
0.9133664099526071,0.07291557920277046
0.929596767108847,0.08195127921752997
0.9272647095880047,0.02856865152076951
0.9038697788697789,0.0058570055474158255
0.957554945054945,0.0006515783675981957
0.9387763178724078,0.06821773517119231
0.913382157123835,0.002699910362975949
0.9363316023738875,0.004849039011904805
0.9317544238239102,0.01667824628222343
0.924067599067599,0.0015407488471382749
0.9523941104488216,0.09119217241987565
0.9589145741995484,0.05418900092516928
0.9304016620498614,0.01819019608548996
0.9318833903658854,0.027348292036704382
0.9286917055844242,0.10945436611504497
0.9449074074074073,0.009716077426229448
0.9674222525214045,0.17953323949644873
0.9154202279202279,0.010104864518497984
0.9311320754716983,0.0005687811164669333
0.9282178217821782,0.00035998804839679324
0.9390778930776302,0.0274022902439639
0.9564166666666669,0.014035934006990967
0.9683098591549295,0.0005075831482394785
0.9284060846560847,0.010882438703035058
0.9296996124031007,0.001853938449243485
0.9621156661786237,0.019666147083916813
0.9256835149313962,0.07136043083369632
0.9310526315789474,0.0017063433494007997
0.9143972883366132,0.13354836619424235
0.897990949608878,0.07915057220100293
0.8598522167487685,0.0036502788107434835
0.856828073993471,0.003304690284282562
0.9003289949385385,0.024889573666154283
0.9529480880153813,0.016847440664969925
0.9466746045245791,0.021160097484763506
0.9280579399141631,0.0016739444250450884
0.8954792043399642,0.007959335750053097
0.951029411764706,0.0006083798017905806
0.8237590072057648,0.0044926508439919795
0.9399072753209701,0.005043432558039073
0.9368491577335378,0.004697844031578151
0.9525237381309346,0.007199760967935865
0.9335748792270531,0.000741575379697394
0.9243235137296704,0.02700270351024346
0.8997050147492625,0.003657478571711419
0.9018115942028986,0.007448152721329652
0.95855318042449,0.33226176890927217
0.9690514469453375,0.002235525780544086
0.950453296703297,0.006548182600337669
0.9482127120511128,0.0653558301864378
0.9383568350959655,0.018377389870656295
0.8753438831405969,0.029569418295312597
0.9411671924290221,0.011408021253694377
0.9395924186514593,0.04292137501034965
0.8999207606973061,0.0022679247048997975
0.9571428571428571,0.0018863373735991964
0.9301611411966715,0.027251095263637247
0.952212389380531,0.002030332592957914
0.932497869923318,0.12674819196002693
0.9380393948624226,0.03545162300611619
0.9097350230414747,0.0015587482495581146
0.9164580725907385,0.00287270462620641
0.8884680134680134,0.004273058134469936
0.965140717789827,0.34855482797971105
0.9278189066059226,0.006317790249363721
0.8980263157894737,0.0004067864946883763
0.9542079207920793,0.0007235759772775544
0.9167317200104086,0.04149942221918232
0.9418526356290882,0.03742075763084665
0.9420327527943853,0.013845140341340666
0.9177147413989519,0.015796275563651287
0.9296548956661319,0.01121002782707614
0.9453913043478259,0.0020663313977975933
0.954407819087773,0.018780576484860704
0.9307859955005624,0.012797575120505998
0.9213055351328643,0.034270862207374714
0.964839094159714,0.0060369995716142225
0.9338235294117647,0.0010979635476102193
0.9096189305470193,0.011710411214347682
0.9226565479870052,0.27369891319608186
0.9395767716535435,0.00914009654879458
0.9087368845843424,0.0044566520391523005
0.9094927937915744,0.006490584512594182
0.8535714285714286,0.00037438757033266494
0.9440733672603907,0.008484918300712416
0.9484190556492411,0.004265858373502
0.9317227722772283,0.00908609834153506
0.9228853291658514,0.01842418831694788
0.9299193548387097,0.001112363069546091
0.9333333333333333,0.000212392948554108
0.9586933045356372,0.016663846760287558
0.8898876404494382,0.00031678948258917803
0.9485096016050445,0.012556383128080146
0.927760540970564,0.04524689780299294
0.9332310140973172,0.007912537303761515
0.9251175548589341,0.01607346636091682
0.9228905934598304,0.0089133040783046
0.938661882444835,0.03686637603631559
0.9553318653664675,0.011440420178050088
1.0,0.00016199462177855697
0.9613095238095237,0.00029879008016933835
0.9057142857142857,0.0001223959364549097
0.92214091218516,0.010572848981413816
0.9293831168831168,0.0011051633085781552
0.9571759259259258,0.013992735441183351
0.8016541822721599,0.00576340865483266
0.8612212529738303,0.004535849409799594
0.9205882352941177,0.00030238996065330633
0.9175170068027212,0.0005255825506593181
0.9266605504587162,0.009806074438328646
0.9574235807860263,0.006591381166145284
0.91792343387471,0.012408788028237461
0.9064016092770086,0.060841580059542016
0.7907545760179311,0.009633280175098185
0.924342105263158,0.0004067864946883763
0.9624137931034482,0.002606313470392783
0.9440796103459861,0.010713244320288565
0.9722222222222223,0.00012599581693887763
0.9557001239157372,0.005806607220640274
0.919718309859155,0.002552315263133264
0.9372501218917602,0.036913174482607176
0.8871237458193979,0.0010727643842224437
0.931338028169014,0.00025199163387775526
0.9767160812117306,0.011166829261268526
0.9103260869565217,0.00032758912404108186
0.9482097186700766,0.0028115066579789552
0.9406648027337683,0.011584415397408804
0.8582589285714286,0.0020123331905380743
0.9404235294117644,0.015295892176379743
0.916690340909091,0.012667979423083153
0.9178497942386832,0.001745942034724447
0.9341521394611727,0.004539449290283563
0.8772382920110193,0.00522342658223747
0.93503937007874,0.006396987620011015
0.944213803840166,0.0069333698121222375
0.9393605292171991,0.0032614917184749467
0.8676470588235294,5.759808774348691e-05
0.9633311866044119,0.02235525780544086
0.905537014563107,0.0059290031570951845
0.9214390782054427,0.014680312613621226
0.9470446643487564,0.01345635324907213
0.8010204081632653,0.00017279426323046074
0.9039145907473309,0.0010079665355110208
0.9260147601476016,0.0019475353418266512
0.951639344262295,0.0024119199242585146
0.9129026412358991,0.0794565620421402
0.9412284747847479,0.011703211453379747
0.9217114568599718,0.012721977630342671
0.9780868385345998,0.013261959702937861
0.9420671085335546,0.004341455863665326
0.8733648255813953,0.0024731178924859696
0.9470474967907574,0.0028007070165270514
0.8772841171935237,0.009334490094928847
0.8932370820668694,0.0023651214779669316
0.8847808105872623,0.0043486556246332625
0.8997052217855144,0.00640778726146292
0.907296954314722,0.014179929226349685
0.9555104301273767,0.01949695270117032
0.9465125934126764,0.01300276830809217
0.9240635781172994,0.007300557621486966
0.9560975609756097,0.0002915903192014025
0.8453571428571427,0.00276830809217134
0.957093253968254,0.003625079647355708
0.9446847960444993,0.0029087034310460893
0.9020363199359052,0.05391541000838772
0.9240463215258858,0.001317556257132263
0.942018942018942,0.04674804796480756
0.9456783695328772,0.012095598426132252
0.9416707080504365,0.007419353677457908
0.9717973231357553,0.011292825078207402
0.9285714285714286,0.000424785897108216
0.8888888888888888,6.119796822745484e-05
0.9112598975314397,0.007725343518595182
0.8027522935779818,0.0003887870922685367
0.8305785123966942,0.0008675711966362716
0.9539832666424155,0.009892471569943877
0.9462560386473431,0.0014867506398787559
0.9054509910892885,0.01979214290085569
0.9213819368879217,0.003304690284282562
0.8663425700858851,0.022211262586082144
0.9251809576837413,0.006461785468722439
0.9323529411764704,0.0014039533887474935
0.9714580467675378,0.002613513231360719
0.9092401500938085,0.0019151364174709398
0.9076100628930817,0.002858305104270538
0.8954918032786885,0.001313956376648295
0.8977968176254589,0.005878604830319633
0.878821544321561,0.10773722312419227
0.9509162303664922,0.0006839772919539071
0.9628007598142676,0.017052633852556096
0.9266253288237505,0.019154964055193367
0.8856250000000001,0.0007163762163096185
0.9116703539823012,0.009759275992037063
0.8907310747816946,0.0548261797708316
0.9206896551724137,0.0005183827896913822
0.9254739336492892,0.015187895761860705
0.9367816091954022,0.0003095897216212422
0.938785046728972,0.0007667745430851695
0.9112903225806452,0.0013355556595521028
0.9373111782477344,0.0047626418802895745
0.9459924859110833,0.011494418385309606
0.9196939287506272,0.0215200855331603
0.8848214285714284,0.00019799342661823628
0.903688524590164,0.001313956376648295
0.8916849015317287,0.004931836263036067
0.8891707583196946,0.01319356197374247
0.9403456297773347,0.021660480872035048
0.9397605705552725,0.007062965509545083
0.922202663401194,0.023514419321278533
0.9426711840228246,0.010090464996562113
0.8988095238095237,7.199760967935864e-05
0.9213577799801784,0.0036286795278396757
0.9452054794520548,0.0002591913948456911
0.9733502538071066,0.00212392948554108
0.936982520699172,0.007822540291662315
0.8999999999999999,0.0001223959364549097
0.8186936936936937,0.00039598685323647255
0.8818951392681595,0.006587781285661316
0.8481481481481481,0.0004823839848517029
0.9382141973781846,0.014550716916198381
0.9242021276595744,0.0003347888850090177
0.9507451782583285,0.012315191135654295
0.9650878696956704,0.016793442457710403
0.9034574468085106,0.0013499551814879745
0.9404761904761905,0.0008279725113126244
0.9335249042145595,0.004694244151094183
0.9607990786676117,0.02031412557103104
0.8999098286744815,0.003988667576236469
0.9111111111111112,0.00718896132648396
0.9193125,0.0014363523131032047
0.9308943089430894,0.0004391854190440877
0.9578125,5.399820725951898e-05
0.9539494224164846,0.011526817309665318
0.8796747967479674,0.001324756018100199
0.923538961038961,0.0011051633085781552
0.8197513812154695,0.0012995568547124233
0.9583333333333333,0.00042838577759218393
0.9397963551170283,0.15979869468333652
0.958724045545881,0.010745643244644276
0.9336269744835961,0.0236980132259609
0.9658227848101266,0.0014183529106833652
0.9617882117882117,0.0035998804839679323
0.9243541442411198,0.013373555997940868
0.9219673262770354,0.03910910157782761
0.8985594663638947,0.012678779064535056
0.960598222575938,0.027135899088150273
0.9265137889688251,0.006001000766774543
0.9127255756067205,0.0231364318704619
0.9653679653679654,0.0016595449031092165
0.9114538395168246,0.004168661600434866
0.9484633227022325,0.01241238790872143
0.8269817073170731,0.0011771609182575137
0.8571428571428572,2.1599282903807593e-05
0.9323141334686631,0.014183529106833652
0.9092620481927709,0.002386720760870739
0.8703488372093022,0.002782707614107212
0.9179447852760736,0.0046906442706102155
0.9628099173553719,0.00043198565807615186
0.942668918918919,0.002660311677652302
0.9261159824631331,0.009028500253791573
0.945117845117845,0.0010655646232545079
0.9605123137731832,0.01183640703128656
0.9134874326750448,0.008016933837796584
0.9419817470664928,0.0027575084507194363
0.7916666666666667,1.799940241983966e-05
0.8362637362637364,0.0006515783675981957
0.9377271518482404,0.04060665185915827
0.9291071428571427,0.0005003833872715426
0.8844352617079889,0.0013031567351963914
0.8768115942028984,0.003473884667029055
0.9410593829481366,0.06510383855256005
0.9345333333333334,0.006746176026955905
0.9121621621621621,0.0010619647427705398
0.9446784611064307,0.025634748926335646
0.9054364471669218,0.0023471220755470917
0.9127009776197785,0.044552120869587125
0.8763239805124508,0.03989747540381659
0.9565217391304348,7.919737064729452e-05
0.8614718614718615,0.009975268821075139
0.923973880597015,0.0009611680892194379
0.86867088607595,0.00852811686652003
0.8976,0.004496250724475947
0.9259485666104552,0.004265858373502
0.9402173913043479,0.003142695662504005
0.9182203389830508,0.00020879306807014008
0.9180751173708921,0.0007631746626012016
0.8894736842105264,0.0010223660574468925
0.8731612685560053,0.005331422996756508
0.9276985743380854,0.0017639414371442867
0.929059040590406,0.019507752342622225
0.904950623700624,0.006922570170670334
0.9043764988009593,0.009003301090403797
0.9230769230769231,0.003225492913635267
0.9493910467412772,0.01093283702981061
0.9398625429553265,0.005234226223689373
0.9596774193548387,0.0016703445445611204
0.8048780487804879,0.00014399521935871729
0.9231060606060606,0.0023723212389348673
0.9446564885496183,0.00046798446291583117
0.9054740406320543,0.00318589422831162
0.8984375,0.0032218930331512994
0.904502585944631,0.011829207270318625
0.8993818122661461,0.022124865454466913
0.937544996400288,0.009996868103978946
0.9454277286135693,0.007318557023906806
0.9269770408163265,0.002818706418946891
0.9608002066992454,0.5259605381101348
0.9035789419672637,0.21047061237566914
0.9292325737265417,0.026851508529916808
0.9286156200106437,0.027053101837019013
0.9283130922194047,0.02697030458588775
0.9284218624565159,0.02690190685669236
0.9284218624565161,0.02690190685669236
0.9293470929448266,0.026682314147170313
0.9290669534821188,0.02677231115926951
0.9289232839838493,0.026743512115397768
0.9295531482735275,0.02658151749361921
0.9295321835958721,0.026505920003455887
0.9293858459869848,0.0265491185692635
0.9295219989136339,0.026505920003455887
0.9297171088251219,0.026592317135071115
0.9097583544839252,0.034036869975916796
0.9099356464715675,0.07355635792891675
0.9431851851851851,0.012145996752907803
0.9064095649047106,0.01000766774543085
0.9528715120051914,0.022186063422694368
0.8966606498194947,0.021934071788816612
0.9385237068965517,0.0016667446640771524
0.8757142857142854,0.0017603415566603187
0.9524557010785828,0.009341689855896783
0.9257816210226384,0.09095818018841774
0.9704432997229377,0.4430588904448372
0.8678372896634612,0.02395720462080659
0.8777155509247203,0.013816341297468922
0.9256863059204425,0.21348011246026632
0.9259112311783342,0.2125369437734667
0.9264932819515883,0.20924665301112003
0.936296397753732,0.026279127532965907
0.89188654353562,0.0013607548229398782
0.8695652173913044,0.00016199462177855697
0.9155504395144416,0.008596514595715421
0.9392052238805968,0.024115599362101177
0.8994627851140462,0.05997040898242178
0.8979349874371862,0.011458419580469927
0.9304610211757012,0.17611695291716314
0.9306053078165573,0.17606295470990363
0.8965179009318294,0.007336556426326646
0.8983914209115282,0.01073844348367634
0.931419875424689,0.012711177988890768
0.9185611616309768,0.012268392689362712
0.9297745688966959,0.18036481188824532
0.9304250480137473,0.1780644882589898
0.9467614011896894,0.005443019291759514
0.9390420168067226,0.02141568899912523
0.9298869316103873,0.17717531777944973
0.9049365942028984,0.001983534146666331
0.966864810318186,0.22830802017373023
0.9070382250735094,0.0673321645721362
0.8484762979683964,0.017538617717891766
0.9076732001303074,0.06629899887323741
0.8986187845303868,0.0006479784871142278
0.964044183949504,0.007980935032956904
0.9495118974984746,0.011796808345962913
0.9397401433691754,0.0020051334295701382
0.8571147050829038,0.013240360420034054
0.939334892179787,0.013852340102308602
0.9263242109909513,0.016307458592374733
0.8849244308398698,0.018812975409216413
0.860625,0.00028439055823346665
0.9632555349034186,0.15300212032960506
0.8693749337291907,0.0339468729638176
0.9408596300326442,0.009921270613815621
0.8894113667117727,0.002656711797168334
0.9451909476661953,0.0025415156216813603
0.9483073000709998,0.11154229679574637
0.9322916666666667,0.005180228016429854
0.9161704312114991,0.001749541915208415
0.8823979591836733,0.001054764981802604
0.8741426371780514,0.02571394629698294
0.9460817717206134,0.010562049339961911
0.43279220779220795,0.0005507817140470937
0.9336909871244634,0.004190260883338673
0.9328554595443834,0.00457904797560721
0.921875,5.399820725951898e-05
0.9126646248085757,0.01175000989967133
0.9209016393442624,0.0006551782480821636
0.9482153569286145,0.005997400886290575
0.8732955381040615,0.12238873669394175
0.8732520564042305,0.006123396703229453
0.9470284237726101,0.0013895538668116218
0.9448113207547171,0.00018719378516633247
0.9512169312169314,0.003398287176865728
0.937573498530029,0.017139030984171327
0.948146002317497,0.0031030969771803575
0.9325558604468833,0.009179695234118226
0.9077250874125875,0.01646945321415329
0.9322916666666667,0.00016919438274649282
0.955768235902742,0.013913538070536057
0.9481818181818182,0.0009863672526072133
0.854982206405694,0.016181462775435855
0.8771989005497249,0.014403121816355696
0.925,0.0018683379711793566
0.9012920908379014,0.004593447497543082
0.9189390183440753,0.0072573590556793514
0.8258620689655172,0.0005183827896913822
0.9513081395348837,0.0012347590060010007
0.92782699742268,0.022344458163988955
0.9573232323232324,0.0007091764553416826
0.9258189655172415,0.004172261480918833
0.8895449469570065,0.032233329853448865
0.9358082706766917,0.0009539683282515021
0.9013961605584642,0.0020591316368296572
0.8444444444444446,0.00032038936307314595
0.9209936817920739,0.01253118396469237
0.9320688134097921,0.02447918729098194
0.9149688958009337,0.004625846421898793
0.9258355743373028,0.018737377919053087
0.9512910798122065,0.00459704737802705
0.9441016024548246,0.010554849578993976
0.8977578475336323,0.000799173467440881
0.9497710385346461,0.020828908480238457
0.9784263959390862,0.0007055765748577147
0.8940953335241912,0.012570782650016018
0.944420783645656,0.004222659807694385
0.9394143685763712,0.07074845115142177
0.8774625267665952,0.016807841979646278
0.8771028037383177,0.0003815873313006008
0.9110317460317463,0.01020206129156512
0.9209943744140014,0.0691069056507324
0.8068181818181821,0.0001547948608106211
0.9188397094984846,0.06294751014266325
0.7145273200346922,0.004147062317531058
0.8968220338983051,0.0004211860166242481
0.8847972972972973,0.0010619647427705398
0.808617594254937,0.0020015335490861704
0.8838333333333332,0.0016163463373016014
0.9509345794392523,0.0003815873313006008
0.9495687401986412,0.006882971485346686
0.886138613861386,0.00035998804839679324
0.9470202769535114,0.007275358458099191
0.8530279503105589,0.001155561635353706
0.9259341825902334,0.008474118659260512
0.917763157894737,0.00026999103629759495
0.9880952380952381,7.199760967935864e-05
0.9349980642663569,0.0092948914096052
0.9724851388007159,0.06237152926522839
0.8700581395348841,0.0009251692843797586
0.9012605042016806,0.000424785897108216
0.7681818181818181,0.00019439354613426835
0.9102787456445993,0.0010295658184148284
0.8973869088416724,0.010500851371734458
0.895326504481434,0.002807906777494987
0.9375,8.279725113126245e-05
0.9144966794826987,0.010295658184148284
0.8478260869565217,0.00016199462177855697
0.8872659176029962,0.00095756820873547
0.9372767857142859,0.001205959962129257
0.9092039800995024,0.0007199760967935865
0.8500000000000001,0.0015803475324619222
0.9291702656013816,0.03333849316202702
0.8868225292242295,0.0033838876549298564
0.9297103689960833,0.03492244057497291
0.9293661137440754,0.015187895761860705
0.9538352272727273,0.001263558049872744
0.8908653846153847,0.000745175260181362
0.9346895074946466,0.0016775443055290563
0.9465174129353233,0.0007199760967935865
0.9432149161518095,0.008153729296187365
0.8125,0.00012599581693887763
0.9343013809910641,0.013290758746809605
0.9397548161120841,0.010274058901244477
0.6419565217391305,0.00041038637517234425
0.9229736983360173,0.006702977461148289
0.9384328358208955,0.00023759211194188354
0.947265625,0.0004571848214639274
0.9263565891472869,0.0023183230316753483
0.9509105960264901,0.010868039181099187
0.9583333333333333,8.279725113126245e-05
0.8822343149807939,0.002807906777494987
0.9585561497326203,0.006728176624536065
0.8149113660062566,0.0034486855036412792
0.8791666666666667,0.000212392948554108
0.9107558139534881,0.0009251692843797586
0.9136363636363636,0.00019439354613426835
0.9051241068070708,0.009568482326386763
0.9123434704830053,0.002008733310054106
0.9406939468225533,0.019086566325997978
0.8928571428571428,4.679844629158312e-05
0.9106060606060604,0.0016595449031092165
0.868764947044756,0.010533250296090169
0.9620967741935484,0.00010799641451903798
0.9604988052568697,0.012048799979840668
0.8962449083503057,0.007066565390029051
0.9202453987730062,0.000583180638402805
0.8222972972972973,0.00026279127532965904
0.9484375,0.00028439055823346665
0.8494764397905759,0.0006839772919539071
0.93642955801105,0.00781534053069438
0.9220907297830374,0.0018215395248877735
0.9369158878504673,0.0003815873313006008
0.9259943181818182,0.006332189771299593
0.857989064398542,0.008884505034432855
0.8895668531738377,0.018654580667921826
0.8718081150318155,0.043558553856011976
0.9091226843760922,0.010295658184148284
0.9288154202757106,0.02950462044660117
0.7170886075949368,0.0002807906777494987
0.9359765748654638,0.011368422568370729
0.9434183321847005,0.010443253283990971
0.9434392699811203,0.01143682029756612
0.8819444444444444,0.00019079366565030042
0.9444444444444444,2.8799043871743457e-05
0.9415584415584415,0.00027359091678156287
0.9424660354055168,0.008740509815074139
0.887624750499002,0.001799940241983966
0.9074074074074074,9.359689258316625e-05
0.9172247522100188,0.013434753966168321
0.9455144995322726,0.01923776130632463
0.8732246376811597,0.004964235187391778
0.9638157894736843,0.0008171728698607206
0.84375,0.0001115962950030059
0.9919354838709677,0.00010799641451903798
0.9651605879150789,0.006609380568565124
0.9234928670041418,0.007818940411178348
0.8500000000000001,1.4399521935871729e-05
0.9130971337579621,0.009039299895243477
0.8306878306878307,0.0006767775309859713
0.95,1.4399521935871729e-05
0.8500000000000001,0.0023363224340951882
0.9266876854599406,0.004849039011904805
0.9163333333333332,0.0008063732284088168
0.9442379182156133,0.0009647679697034058
0.9264705882352942,0.00017999402419839662
0.8823529411764706,0.00017999402419839662
0.90625,0.00034198864597695356
0.8469483568075118,0.00383027283494188
0.9028487073092881,0.04511010234460216
0.957070707070707,0.00035278828742885734
0.8687499999999999,0.00019799342661823628
0.86775,0.0007163762163096185
0.8382778581765558,0.0024839175339378735
0.9324324324324325,0.0009287691648637265
0.9047709335306442,0.05837926180850795
0.8500000000000001,8.639713161523037e-05
0.8738277919863597,0.004219059927210417
0.9202086176642621,0.01846018712178756
0.9526597022094141,0.029976204790000974
0.838855421686747,0.0005939802798547088
0.917222486898523,0.007552549255364722
0.9339980224126565,0.021840474896233444
0.9360745614035084,0.003279491120894786
0.9503012048192772,0.0002951901996853704
0.9317180616740088,0.0016307458592374731
0.824607329842932,0.004809440326581158
0.7746355685131194,0.0012311591255170326
0.9027841693511274,0.023464020994502982
0.9090909090909092,0.0003131896021052101
0.9161172288820743,0.02582194271150198
0.8965217391304348,0.008276125232642276
0.8985294117647058,0.0018323391663396774
0.9353413654618474,0.004478251322056107
0.7916666666666667,3.9598685323647254e-05
0.9265486725663719,0.002030332592957914
0.875,6.839772919539072e-05
0.86552734375,0.0018395389273076132
0.9691780821917808,0.0028871041481422816
0.9263024142312579,0.0028295060603987948
0.875,1.799940241983966e-05
0.8333333333333333,7.199760967935864e-06
0.9107142857142858,4.679844629158312e-05
0.9177700348432059,0.010328057108503997
0.9375,1.0799641451903796e-05
0.8802083333333333,0.001378754225359718
0.9359756097560978,0.0002915903192014025
0.8647245762711862,0.001695543707948896
0.9329268292682926,0.0002915903192014025
0.8419487179487175,0.003506283591384766
0.864990234375,0.0018395389273076132
0.9702380952380953,0.0002231925900060118
0.9061433447098977,0.0021059300831212406
0.9279801324503314,0.0005399820725951898
0.8945808636748518,0.00424785897108216
0.9367021276595744,0.0016883439469809601
0.88671875,0.00022679247048997973
0.8809363799283154,0.08034573252168027
0.8769090909090911,0.0009863672526072133
0.8781818181818182,0.0005903803993707408
0.8878787878787879,0.0007091764553416826
0.9166666666666667,0.0004391854190440877
0.8913043478260869,0.0004931836263036068
0.90375,0.0007163762163096185
0.9085014409221901,0.004993034231263522
0.9508215426745779,0.00788373825988977
0.9157303370786516,0.00031678948258917803
0.9375,1.0799641451903796e-05
0.9337914393621485,0.008574915312811614
0.9256410256410257,0.0006983768138897788
0.9010613207547169,0.0015227494447184351
0.875,8.279725113126245e-05
0.9444444444444444,2.8799043871743457e-05
0.8803360413589365,0.0048706382948086125
0.8333333333333333,7.199760967935864e-06
0.9754901960784315,0.00017999402419839662
0.8712948517940717,0.0023039235097394766
0.9173913043478261,0.0008243726308286564
0.8769187358916477,0.0015911471739138258
0.7840836012861736,0.0011159629500300588
0.9305555555555556,0.0002555915143617232
0.742881548974943,0.0031570951844398765
0.9393939393939394,0.00023399223145791558
0.9428822495606326,0.0020447321148937855
0.9429898648648649,0.002127529366025048
0.9051282051282052,0.002944702235885769
0.9275669033315128,0.013179162451806599
0.625,1.0799641451903796e-05
0.9287234042553192,0.0008423720332484962
0.920720338983051,0.0021203296050571123
1.0,3.599880483967932e-05
0.9621409921671018,0.0013751543448757499
0.9705882352941178,0.00011879605597094175
0.9609375,0.0001115962950030059
0.9213529606351307,0.01087883882255109
0.9157810839532412,0.0067713751903436805
0.8892045454545454,0.0001547948608106211
0.9269167691676916,0.026336725620709392
0.8753602305475505,0.0012455586474529043
0.91945463093559,0.038281129066514985
0.859375,5.399820725951898e-05
0.9632564841498561,0.002494717175389777
0.875,0.00011879605597094175
0.9241303478608556,0.00899970120991983
0.8291666666666666,0.000212392948554108
0.9583333333333333,1.799940241983966e-05
0.9038461538461537,0.00013679545839078144
0.9607072691552063,0.0018287392858557093
0.9592731829573935,0.001432752432619237
0.8572044866264021,0.004168661600434866
0.8764423076923078,0.0018683379711793566
0.954177897574124,0.0013319557790681348
0.9117763679619351,0.004535849409799594
0.926923076923077,0.00013679545839078144
0.9697802197802201,0.0003239892435571139
0.9166666666666667,0.00012599581693887763
0.8828313253012048,0.0002951901996853704
0.6701167076167075,0.002926702833465929
0.9356407493864847,0.06013960336516827
0.9782608695652173,7.919737064729452e-05
0.9473684210526319,6.479784871142279e-05
0.8788716814159292,0.0016235460982695373
0.8970588235294117,5.759808774348691e-05
0.7854299363057324,0.0022571250634478937
0.9013157894736843,0.0001331955779068135
0.888436532507741,0.005810207101124242
0.90625,0.0005435819530791578
0.8855932203389831,0.00020879306807014008
0.8836206896551724,0.0010403654598667323
0.9294619422572179,0.0027395090482995963
0.7314285714285714,0.00037438757033266494
0.9149082568807339,0.0011735610377735458
0.953125,0.0001115962950030059
0.9360932475884245,0.002235525780544086
0.8351190476190475,0.003020299726049095
0.9218181818181821,0.0007883738259889772
1.0,0.0
0.9140625,0.0001115962950030059
0.8333333333333333,1.799940241983966e-05
0.9265375854214124,0.0015767476519779541
0.9303114013058764,0.007163762163096185
0.8903225806451613,0.0013355556595521028
0.9580745341614907,0.0005759808774348691
0.9056859205776173,0.0019907339076342665
0.95,1.4399521935871729e-05
0.9310344827586208,0.0001007966535511021
0.9573170731707317,0.0008819707185721433
0.8979759749876584,0.04374934752166228
0.881896551724138,0.0007271758577615223
0.8328993055555554,0.00414346243704709
0.8630952380952381,0.00029879008016933835
0.9387308533916849,0.013157563168902792
0.902027027027027,0.00026279127532965904
0.8770793463859858,0.09781235262989268
0.9583333333333333,0.0001475950998426852
0.8863636363636365,3.599880483967932e-05
0.9573582474226807,0.013963936397311609
0.84375,5.399820725951898e-05
0.9346456692913387,0.00045358494097995946
0.7840909090909092,3.599880483967932e-05
0.9166666666666667,0.000212392948554108
0.9249497991967872,0.003581881081548093
0.896341463414634,0.00014399521935871729
0.8804347826086956,0.0009071698819599189
0.9094827586206897,0.0003095897216212422
0.8570954907161805,0.0013535550619719423
0.9514455782312925,0.001054764981802604
0.875,0.000637178845662324
0.8367096303501953,0.007397754394554101
0.926300578034682,0.009338089975412816
0.9459000485201361,0.014835107474431848
0.9587662337662337,0.00027359091678156287
0.9377502001601279,0.0044926508439919795
0.9068965517241379,0.0005183827896913822
0.8838912133891212,0.0008567715551843679
0.9198473282442747,0.0018827374931152283
0.8905177791640673,0.011537616951117222
0.8446745562130178,0.0006047799213066127
0.8999999999999999,0.00015839474129458901
0.603896103896104,0.00027359091678156287
0.835497572815534,0.0029627016383056083
0.8902321083172147,0.001857538329727453
0.9582683307332294,0.004611446899962921
0.8333333333333333,7.199760967935864e-06
0.8824152542372881,0.0008459719137324641
0.9545454545454546,0.00019439354613426835
0.8456410256410256,0.003506283591384766
0.9711538461538463,8.99970120991983e-05
0.8830409356725146,0.0006119796822745485
0.8392597968069666,0.0024767177729699374
0.8407894736842105,0.00033838876549298564
0.9369172494172495,0.012351189940493975
0.9488281249999999,0.0011483618743857703
0.8548387096774193,0.0003311890045250498
0.9049295774647887,0.00025199163387775526
0.9230769230769231,8.99970120991983e-05
0.8528795811518324,0.0034342859817054075
0.8452380952380953,0.0001475950998426852
0.9056603773584906,0.00018719378516633247
0.9375,2.5199163387775525e-05
0.9353896103896104,0.0008279725113126244
0.75,1.4399521935871729e-05
0.84375,2.5199163387775525e-05
0.9553571428571428,4.679844629158312e-05
0.7763157894736843,6.479784871142279e-05
0.875,2.5199163387775525e-05
0.9452288218111002,0.007390554633586165
1.0,7.199760967935864e-06
0.9447815533980584,0.00147955087891082
0.9166666666666667,7.199760967935864e-06
0.9299999999999999,8.639713161523037e-05
0.9068736141906875,0.0016199462177855695
0.5,3.599880483967932e-06
0.8742857142857143,0.0006263792042104202
0.889075630252101,0.000424785897108216
0.9483606557377049,0.0010943636671262513
0.9181149732620322,0.0026891107215240456
0.9567839195979899,0.007160162282612217
0.9301675977653632,0.0012851573327765516
0.9663461538461537,0.00018359390468236455
0.7657608695652174,0.0004931836263036068
0.84375,2.5199163387775525e-05
0.9722222222222223,2.8799043871743457e-05
0.9414655942806076,0.008052932642636264
0.9300295857988166,0.0006047799213066127
0.938220378054403,0.007804540889242477
0.9228529839883552,0.0024695180120020014
0.9195583596214512,0.01483150759394788
0.9190867003367003,0.008549716149423838
0.9597812097812097,0.0027935072555591153
0.8675650557620818,0.0019331358198907795
0.9335564053537284,0.0018791376126312605
0.9243415463041635,0.004233459449146288
0.9374135546334716,0.002599113709424847
0.8918269230769231,0.000745175260181362
0.9615384615384615,4.3198565807615186e-05
0.8286814244465832,0.0037366759423587137
0.8420958961474037,0.0257859439066623
0.9785714285714286,0.0001223959364549097
0.9103688302296149,0.019907339076342664
0.9417098445595855,0.0013859539863276538
0.944662095984329,0.003671878093647291
0.9242424242424243,0.0007091764553416826
0.9602446483180429,0.0011735610377735458
0.9047314578005115,0.0028115066579789552
1.0,2.8799043871743457e-05
0.9673913043478262,7.919737064729452e-05
0.9670138888888888,0.0010331656988987964
0.803030303030303,0.0007091764553416826
0.7875000000000001,0.00028439055823346665
0.9463758901322481,0.007073765150996987
0.8863636363636365,7.559749016332657e-05
0.8599455040871935,0.006602180807597188
0.8833333333333333,5.039832677555105e-05
0.9014084507042253,0.0048526388923887725
0.903061224489796,0.00017279426323046074
0.9118065433854907,0.0025271160997454886
0.947422106824926,0.004849039011904805
0.9288838348495452,0.04115023381223743
0.8999999999999999,1.4399521935871729e-05
0.9264705882352942,5.759808774348691e-05
0.8839285714285714,9.719677306713417e-05
0.8865384615384615,0.00023039235097394766
0.8713389121338913,0.0008567715551843679
0.8990133488102148,0.006198994193392779
0.868421052631579,6.479784871142279e-05
1.0,1.0799641451903796e-05
0.9821428571428572,4.679844629158312e-05
0.9131944444444444,0.0002555915143617232
1.0,0.0
0.8370192307692308,0.00018359390468236455
0.875,9.719677306713417e-05
0.9095744680851063,0.0005039832677555105
0.9348502304147461,0.024993970200189355
0.937521815008727,0.1753285790911742
0.9397827950843092,0.012592381932919826
0.9284697152025672,0.026919906259112197
0.8775510204081634,0.00017279426323046074
0.9719474761255116,0.010551249698510009
1.0,3.599880483967932e-06
0.9237963814780743,0.011735610377735458
0.9277651083238319,0.012624780857275537
0.9430533117932149,0.0066813781782444825
0.9430754834684967,0.0057670085353166275
0.7909282700421942,0.0017027434689168318
0.9183467741935485,0.002674711199588174
0.9004040077569497,0.005565415228214423
0.8356164383561644,0.0013103564961643272
0.9097670250896055,0.0030095000845971913
0.8682552770448548,0.005453818933211417
0.8973584905660377,0.004766241760773542
0.9250466417910448,0.0019259360589228437
0.9375772558714461,0.0029087034310460893
0.9512971698113208,0.0007595747821172337
0.9256548536209552,0.00233272255361122
0.8888888888888888,0.00015839474129458901
0.8569051580698834,0.0021599282903807596
0.8055555555555556,0.00012599581693887763
0.9534302325581394,0.0015443487276222427
0.9590624999999999,0.0028763045066903777
0.9057971014492754,0.0014867506398787559
0.930327868852459,0.00021599282903807593
0.9348463928201587,0.010425253881571131
0.9256505576208178,0.0019331358198907795
0.9528418451400329,0.004366655027053102
0.8530471821756225,0.0027431089287835646
0.9555243445692885,0.0019187362979549078
0.9129310344827586,0.0005183827896913822
0.9628594249201281,0.004503450485443883
0.8981481481481481,0.0005795807579188371
0.8936170212765957,0.0001655945022625249
0.9557761732851986,0.0009935670135751491
0.9175257731958764,0.0006947769334058109
0.8246268656716418,0.000478784104367735
1.0,7.199760967935864e-06
0.9435034802784223,0.009305691051057104
0.907702984038862,0.005183827896913822
0.9126859827721221,0.004593447497543082
0.9519230769230771,0.002710710004427853
0.739622641509434,0.00037798745081663287
0.9230769230769231,0.0008387721527645282
0.9231366459627328,0.0023147231511913805
0.8315709969788521,0.0011879605597094175
0.8756476683937824,0.000691177052921843
0.9071729957805907,0.0042622584930180315
0.9228468899521531,0.0030059002041132234
1.0,7.199760967935864e-06
0.8809412632096343,0.014644313808781548
0.9420289855072463,0.0017351423932725433
0.9244186046511631,0.00015119498032665316
0.9672995780590719,0.000849571794216432
0.9656716417910447,0.0012023600816452892
0.84375,2.5199163387775525e-05
0.7619047619047621,7.199760967935864e-05
0.9655172413793103,0.0001007966535511021
0.9182444061962134,0.0020879306807014006
0.95,1.4399521935871729e-05
0.9444444444444444,2.8799043871743457e-05
0.7875722543352601,0.0006191794432424844
0.8611111111111112,2.8799043871743457e-05
1.0,2.1599282903807593e-05
0.7850877192982457,0.0004067864946883763
0.595959595959596,0.00035278828742885734
0.9081632653061225,0.00017279426323046074
0.8784829721362228,0.0023219229121593165
0.7903225806451613,0.00021959270952204388
0.8984683794466404,0.0036394791692915796
0.8470790378006874,0.0010439653403507003
0.858047385620915,0.0044026538318927815
0.8450704225352113,0.00025199163387775526
0.9807692307692308,4.3198565807615186e-05
0.859375,0.00016919438274649282
0.9190751445086704,0.0006191794432424844
0.65625,0.00016919438274649282
0.6898148148148148,9.359689258316625e-05
1.0,0.0
0.8478295185477509,0.004557448692703402
0.8503521126760563,0.00025199163387775526
0.8400000000000001,0.00017639414371442867
0.9375,1.0799641451903796e-05
0.875,3.239892435571139e-05
0.717391304347826,0.00016199462177855697
0.8792808219178083,0.0010475652208346681
0.8,0.00030238996065330633
0.9088235294117648,0.0006083798017905806
0.899077868852459,0.0017531417956923828
0.9630434782608697,0.0016523451421412807
0.8671548117154813,0.0017171429908527035
0.9412037037037038,0.00019079366565030042
0.875,3.599880483967932e-06
0.9115384615384619,0.00023039235097394766
0.8871559633027524,0.0019583349832785553
0.9583333333333333,1.799940241983966e-05
0.9109589041095891,0.0005219826701753502
0.9087837837837838,0.000795573586956913
0.9807692307692308,0.00013679545839078144
0.8902640264026402,0.0010871639061583154
0.892379679144385,0.005381821323532059
0.9347675705589376,0.026016336257636247
0.9451581027667983,0.0018179396444038057
0.9027777777777777,6.119796822745484e-05
0.8537383177570093,0.0019223361784388756
0.9404761904761905,7.199760967935864e-05
0.8975409836065573,0.0006551782480821636
0.9754901960784315,0.00036358792888076117
0.8926512968299711,0.002494717175389777
0.9048210735586482,0.003617879886387772
0.875,3.239892435571139e-05
0.805327868852459,0.0004355855385601198
0.9516129032258065,0.00010799641451903798
0.891025641025641,0.00013679545839078144
0.8882009345794393,0.0007667745430851695
0.9444444444444444,6.119796822745484e-05
0.875,3.599880483967932e-06
0.6071428571428571,4.679844629158312e-05
0.8574718526100307,0.003513483352352702
0.8020833333333333,0.00016919438274649282
0.669811320754717,0.00018719378516633247
0.8444417995715305,0.015119498032665313
0.8956521739130434,0.00041038637517234425
0.9227941176470591,0.00024119199242585143
0.9161764705882354,0.00489223757771242
0.9227272727272726,0.00019439354613426835
0.9583333333333333,8.279725113126245e-05
0.8862179487179487,0.0005579814750150295
0.9375,3.9598685323647254e-05
0.8782216494845361,0.0013931537472955896
0.9456521739130435,7.919737064729452e-05
0.95,8.639713161523037e-05
0.9444444444444444,6.119796822745484e-05
0.9375,2.5199163387775525e-05
1.0,1.0799641451903796e-05
0.8430232558139534,0.00015119498032665316
0.9526515151515151,0.0004715843433997991
0.9932432432432432,0.00012959569742284556
0.8214285714285714,0.0003995867337204405
0.825,3.239892435571139e-05
1.0,1.0799641451903796e-05
0.9342105263157894,6.479784871142279e-05
0.75,0.0
0.84375,0.00019799342661823628
1.0,0.0
0.8786127167630058,0.0012419587669689365
0.9109195402298851,0.0003095897216212422
0.8979591836734695,0.00017279426323046074
0.9246031746031746,0.00044998506049599154
0.9338235294117647,0.00011879605597094175
1.0,7.199760967935864e-06
0.75,1.4399521935871729e-05
0.96875,2.5199163387775525e-05
0.9207317073170731,0.0002915903192014025
0.926626323751891,0.0023759211194188355
0.9642857142857142,4.679844629158312e-05
0.9130434782608698,0.00016199462177855697
0.9388888888888891,0.0004823839848517029
0.9415584415584415,0.0011051633085781552
0.525,1.4399521935871729e-05
0.95,5.039832677555105e-05
1.0,3.9598685323647254e-05
0.9666666666666666,0.00015839474129458901
0.7067307692307693,0.00018359390468236455
0.73125,0.00014039533887474936
0.9346153846153846,0.0014003535082635255
1.0,2.1599282903807593e-05
0.824468085106383,0.0001655945022625249
0.8409090909090908,3.599880483967932e-05
0.9375,1.0799641451903796e-05
1.0,0.0
1.0,7.199760967935864e-06
0.9166666666666667,7.199760967935864e-06
0.875,3.599880483967932e-06
0.9166666666666667,7.199760967935864e-06
0.8571428571428572,2.1599282903807593e-05
1.0,0.0
0.7142857142857143,2.1599282903807593e-05
1.0,1.0799641451903796e-05
1.0,0.0
0.75,1.0799641451903796e-05
0.9166666666666667,7.199760967935864e-06
0.8863636363636365,0.00011519617548697383
0.8886138613861385,0.00035998804839679324
0.9241071428571428,0.00019799342661823628
0.8649732620320856,0.0006695777700180354
0.8548387096774193,0.00010799641451903798
0.8999999999999999,5.039832677555105e-05
0.880890052356021,0.0006839772919539071
0.9342105263157894,6.479784871142279e-05
0.8700000000000001,8.639713161523037e-05
1.0,1.4399521935871729e-05
0.9183333333333332,0.0005363821921112219
0.9427480916030535,0.00046798446291583117
0.9267241379310345,0.00020519318758617213
0.9220183486238531,0.0003887870922685367
0.9324324324324325,0.00012959569742284556
1.0,2.5199163387775525e-05
0.9519230769230771,4.3198565807615186e-05
0.8823529411764706,5.759808774348691e-05
1.0,1.4399521935871729e-05
0.8354166666666665,0.001162761396321642
0.875,0.00017639414371442867
0.9833333333333334,5.039832677555105e-05
1.0,0.0
0.9375,1.0799641451903796e-05
1.0,1.0799641451903796e-05
0.9401197604790421,0.0005975801603386767
0.9521739130434783,0.0008243726308286564
0.958695652173913,0.00041038637517234425
0.8133802816901408,0.0010187661769629247
1.0,2.1599282903807593e-05
0.7621951219512195,0.00014399521935871729
0.8409090909090908,0.0001547948608106211
0.9056603773584906,0.00018719378516633247
1.0,7.199760967935864e-06
0.9722222222222223,2.8799043871743457e-05
1.0,0.0
0.96875,0.00014039533887474936
0.98,0.00017639414371442867
0.95,1.4399521935871729e-05
0.9862637362637363,0.0003239892435571139
0.8888888888888888,2.8799043871743457e-05
0.875,3.599880483967932e-06
0.9166666666666667,5.039832677555105e-05
0.65625,5.399820725951898e-05
0.7083333333333334,0.00029879008016933835
0.760204081632653,0.00017279426323046074
1.0,0.0
1.0,0.0
0.9375,1.0799641451903796e-05
1.0,3.599880483967932e-06
0.9416666666666667,0.00010439653403507003
0.25,3.599880483967932e-06
1.0,3.599880483967932e-06
1.0,0.0
1.0,0.0
0.9219317864131955,0.012873172610669325
0.8769132653061225,0.002818706418946891
0.8973214285714286,0.0008027733479248489
0.9722222222222223,0.00019079366565030042
0.858048780487805,0.0036862776155831625
0.6337209302325582,0.00030598984113727425
0.9758064516129032,0.00010799641451903798
0.8401360544217686,0.001054764981802604
0.8405172413793103,0.00020519318758617213
0.8225806451612903,0.0004427852995280557
0.8500000000000001,0.0001223959364549097
0.8938053097345133,0.0004031866142044084
0.9438596491228071,0.0010223660574468925
0.8546511627906979,0.00030598984113727425
0.8445945945945945,0.00026279127532965904
0.95,1.4399521935871729e-05
0.9456521739130435,7.919737064729452e-05
0.9375,1.0799641451903796e-05
0.8045454545454545,0.00019439354613426835
0.6517857142857143,9.719677306713417e-05
0.8452380952380953,0.0001475950998426852
0.9583333333333333,1.799940241983966e-05
0.881560773480663,0.002602713589908815
0.6380597014925373,0.000478784104367735
0.8913043478260869,0.00032758912404108186
0.7794117647058822,5.759808774348691e-05
1.0,7.199760967935864e-06
0.625,6.119796822745484e-05
0.8455882352941178,0.00011879605597094175
1.0,1.0799641451903796e-05
1.0,2.1599282903807593e-05
0.825,3.239892435571139e-05
0.8291984732824427,0.0009395688063156303
0.8472222222222223,6.119796822745484e-05
0.8928571428571428,0.00017279426323046074
0.9038461538461537,0.00013679545839078144
0.9308510638297873,0.0003347888850090177
0.4910714285714286,9.719677306713417e-05
0.95,3.239892435571139e-05
0.9095744680851063,0.0001655945022625249
0.8554216867469879,0.0002951901996853704
0.75,7.199760967935864e-06
0.9583333333333333,1.799940241983966e-05
0.16666666666666669,7.199760967935864e-06
0.8333333333333333,0.00015839474129458901
0.9361702127659575,0.0001655945022625249
1.0,1.0799641451903796e-05
1.0,7.199760967935864e-06
0.375,1.0799641451903796e-05
0.858433734939759,0.0002951901996853704
0.9722222222222223,9.359689258316625e-05
0.6911764705882353,0.00017999402419839662
1.0,3.239892435571139e-05
1.0,7.199760967935864e-06
0.9375,1.0799641451903796e-05
1.0,0.0
1.0,3.599880483967932e-06
1.0,0.0
0.9523809523809523,7.199760967935864e-05
0.98,8.639713161523037e-05
0.9375,1.0799641451903796e-05
1.0,1.4399521935871729e-05
0.5961538461538461,4.3198565807615186e-05
1.0,1.0799641451903796e-05
1.0,7.199760967935864e-06
0.75,1.799940241983966e-05
0.8666666666666667,0.00010439653403507003
0.8999999999999999,5.039832677555105e-05
0.875,3.599880483967932e-06
1.0,0.0
0.5,0.0
1.0,1.0799641451903796e-05
0.75,1.4399521935871729e-05
1.0,0.0
0.0,0.0
0.7840909090909092,7.559749016332657e-05
0.75,2.5199163387775525e-05
0.7045454545454544,3.599880483967932e-05
1.0,0.0
1.0,0.0
0.96875,2.5199163387775525e-05
1.0,0.0
1.0,3.599880483967932e-06
1.0,3.599880483967932e-06
0.9166666666666667,7.199760967935864e-06
0.8088235294117647,0.000424785897108216
0.8820422535211268,0.0005075831482394785
0.8500000000000001,1.4399521935871729e-05
0.7333333333333333,5.039832677555105e-05
1.0,3.599880483967932e-06
1.0,0.0
0.8766511266511265,0.004629446302382761
1.0,1.0799641451903796e-05
0.825,3.239892435571139e-05
0.8999999999999999,1.4399521935871729e-05
0.55,1.4399521935871729e-05
0.8333333333333333,7.199760967935864e-06
0.6470588235294118,5.759808774348691e-05
0.8269230769230771,4.3198565807615186e-05
0.8333333333333333,1.799940241983966e-05
0.9807692307692308,4.3198565807615186e-05
0.5625,1.0799641451903796e-05
0.8125,1.0799641451903796e-05
1.0,0.0
0.9112903225806452,0.00010799641451903798
0.71875,2.5199163387775525e-05
0.375,3.599880483967932e-06
1.0,0.0
0.9705882352941178,5.759808774348691e-05
0.875,1.0799641451903796e-05
1.0,0.0
1.0,1.0799641451903796e-05
0.8,1.4399521935871729e-05
0.5625,1.0799641451903796e-05
1.0,3.599880483967932e-06
1.0,0.0
0.8,1.4399521935871729e-05
0.9041666666666666,0.000212392948554108
0.8970588235294117,0.00024119199242585143
0.9545610719807593,0.08381601730822537
0.8831775700934581,0.0007667745430851695
0.9744642766465241,0.14178129286107702
0.9539719862459546,0.07118763657046585
0.9521822849807446,0.0028007070165270514
0.9454075252927134,0.03166454873698193
0.9343476698214928,0.030044602519196363
0.7617385786802031,0.0028331059408827626
0.9288652084501778,0.019252160828260503
0.9277241492146597,0.021998869637528035
0.910776519276846,0.03305050272330958
0.943794256490952,0.018298192500009
0.954121259558071,0.05978681507773941
0.9410668196157155,0.01254918336711221
0.9417523435137587,0.047615619161443835
0.9618014849550607,0.01842058843646391
0.8950770960488275,0.022409256012700378
0.9206835242986962,0.009107697624438868
0.8907333994053519,0.007260958936163319
0.9649056918711401,0.021563284098967916
0.9632545931758529,0.009597281370258507
0.9344063409899708,0.02225086127140579
0.9049881235154393,0.0015119498032665315
0.9580020612485276,0.02444678836662623
0.9262135922330097,0.005558215467246487
0.928440366972477,0.0019583349832785553
0.9427406832298137,0.004633046182866729
0.9313657407407407,0.015547883810257498
0.9762942779291552,0.013207961495678343
0.9503000750187547,0.019190962860033047
0.7884366087632875,0.013881139146180346
0.9220346049614343,0.034533653482704374
0.9410112359550562,0.00095756820873547
0.95,5.039832677555105e-05
0.9395130731337631,0.01899656931389878
0.9369592088998764,0.0058210067425761465
0.9442728804042673,0.00640778726146292
0.9487783455764931,0.022538851710123223
0.9502703311556657,0.015976269587849683
0.9394612970711298,0.013762343090209404
0.9108451536643025,0.03045138901388474
0.9149297423887588,0.015367889786059102
0.9649939903846154,0.005986601244838671
0.9464285714285714,0.017787009471285555
0.9785007974481661,0.056424526705713365
0.9683443085606773,0.01912976489180559
0.9127243066884176,0.0022031268561883747
0.9622706422018348,0.007844139574566124
0.9509965532743894,0.07206240752807007
0.9561466570812365,0.005003833872715426
0.916030534351145,0.0009395688063156303
0.9429303278688526,0.008780108500397786
0.9095646132468735,0.007768542084402798
0.9449116904962154,0.004276658014953904
0.9464285714285714,0.00024839175339378734
0.9613220815752461,0.002555915143617232
0.8949178128144917,0.04292137501034965
0.9451,0.008996101329435862
0.9569447977613839,0.014147530301993973
0.8780405405405405,0.005324223235788572
0.9104166666666667,0.003452285384125247
0.8902359108781128,0.021970070593656292
0.9529250457038392,0.001965534744246491
0.93865959863688,0.00950368447767534
0.9472113839798026,0.015681079388164314
0.8923267326732673,0.004359455266085166
0.9332831073162564,0.021498486250256493
0.8986662329212751,0.005529416423374744
0.9477835463258786,0.009010500851371733
0.9404857602204868,0.06269191862830154
0.9299157673071861,0.013672346078110206
0.9530720851475569,0.007437353079877748
0.9767739329473542,0.026732712473945864
1.0,1.0799641451903796e-05
0.972636815920398,0.00289070402862625
0.9606433442039728,0.012138796991939866
0.9463926415636676,0.012520384323240468
0.920696324951644,0.016746644011418822
0.9457928802588997,0.002221126258608214
0.9481573559520327,0.03692037424357511
0.9805319579288025,0.01779420923225349
0.9251347988386562,0.026034335660056085
0.9763909224011713,0.004913836860616227
0.9117924528301886,0.0038122734325220405
0.9762669962917181,0.014557916677166317
0.9430817610062894,0.002858305104270538
0.9179354445797807,0.017729411383542067
0.9555682684973303,0.004715843433997991
0.9682051282051283,0.003506283591384766
0.9290123456790123,0.00028799043871743457
0.926476320405379,0.03693837364599495
0.9754482477587612,0.008830506827173337
0.8934883231643174,0.017106632059815614
0.9101536406145625,0.005385421204016027
0.952842377260982,0.01253478384517634
0.9612068965517242,0.0022931238682875727
0.9188311688311688,0.0008279725113126244
0.8662906436629065,0.010846439898195379
0.909016393442623,0.00329029076234669
0.9584848484848485,0.002966301518789576
0.8951027811366385,0.002973501279757512
0.9259403625024363,0.018467386882755493
0.9264869371873263,0.006472585110174342
0.9389338731443995,0.005331422996756508
0.967374213836478,0.002285924107319637
0.896341463414634,0.0016199462177855695
0.921875,0.0026459121557164305
0.918411867364747,0.0020591316368296572
0.9526074700493306,0.010212860933017022
0.9449359939759037,0.009557682684934858
0.9021690013556258,0.007962935630537064
0.9235257985257985,0.002926702833465929
0.9526789635485287,0.008193327981511013
0.941311612364244,0.004305457058825647
0.9555244985202236,0.010943636671262512
0.9600315955766192,0.011390021851274537
0.8178490990990992,0.00638978785904308
0.894927536231884,0.009683678501873736
0.9012219959266803,0.0017639414371442867
0.9172535211267605,0.0010187661769629247
0.9639195583596214,0.00456104857318737
0.9743095696852921,0.005601414033054103
0.9545454545454546,7.559749016332657e-05
0.9310344827586208,0.0001007966535511021
0.9316650625601539,0.007476951765201395
0.9814285714285715,0.0018863373735991964
0.9309239130434783,0.016555850345768522
0.895035885167464,0.0030059002041132234
0.8097014925373134,0.00023759211194188354
0.9201311806256307,0.017833807917577136
0.956881143878463,0.004024666381076149
0.9443231441048034,0.0024695180120020014
0.8547368421052632,0.0034162865792855676
0.9093264248704662,0.0013859539863276538
0.9716177861873225,0.007606547462624241
0.9263939551849922,0.006904570768250494
0.962156731413262,0.005371021682080155
0.9501761449421238,0.0071493626411603135
0.9320610294873113,0.0700716736204358
0.8309523809523811,0.0007523750211492978
0.9202586206896552,0.0008315723917965923
0.9482210927573063,0.005662612001281557
0.9018404907975459,0.000583180638402805
0.910056657223796,0.0025379157411973925
0.9353932584269662,0.00031678948258917803
0.9128930817610064,0.002858305104270538
0.9035714285714285,0.00024839175339378734
0.9474281391830559,0.004755442119321639
0.9608546475358704,0.0057670085353166275
0.9356011981172443,0.00840932081054909
0.9305602897315721,0.0844855950782434
0.9141414141414141,0.00035278828742885734
0.9035515320334262,0.005165828494493983
0.9561016013252346,0.013035167232447882
0.9218905472636816,0.003614280005903804
0.9421012269938651,0.002343522195063124
0.9558823529411764,0.002138329007476952
0.9588264299802762,0.0036466789302595152
0.9383514986376023,0.0026387123947484944
0.8718861209964412,0.0010079665355110208
0.9360869565217391,0.004136262676079154
0.9343195266272188,0.0030382991284689347
0.9852941176470591,5.759808774348691e-05
0.9136904761904763,0.00029879008016933835
0.9205882352941177,0.001220359484065129
0.8882235528942115,0.001799940241983966
0.9076552462526766,0.0033586884915420808
0.9088025376685172,0.004535849409799594
0.8975786782639359,0.12250393286942873
0.9001158077591198,0.006213393715328651
0.9670868347338935,0.0012815574522925838
0.9434952038369304,0.006001000766774543
0.9481955762514551,0.003088697455244486
0.9838709677419355,0.00010799641451903798
0.9241379310344828,0.002606313470392783
0.9162946428571428,0.0008027733479248489
0.9593513058129739,0.004269458253985968
0.9838709677419355,0.00010799641451903798
0.947215777262181,0.0015479486081062107
0.944606413994169,0.0037006771375190342
0.9526098901098901,0.0013067566156803592
0.9639175257731958,0.010821240734807603
0.9533957033957035,0.005191027657881759
0.9515418502202644,0.0008135729893767527
0.9470260223048328,0.0009647679697034058
0.9387898686679175,0.003833872715425848
0.875,1.0799641451903796e-05
1.0,1.0799641451903796e-05
0.9363233665559247,0.003247092196539075
1.0,3.599880483967932e-06
0.9503424657534247,0.0010475652208346681
0.8958333333333333,0.002026732712473946
0.90625,5.399820725951898e-05
0.8327777777777778,0.0016163463373016014
0.9677268475210477,0.0038446723568777517
0.9489966555183946,0.0021491286489288557
0.8746786632390746,0.0027971071360430835
0.9281081081081082,0.0033262895671863696
0.8521594684385383,0.0010799641451903796
0.9370246085011185,0.01608786588285269
0.9263412489006158,0.008182528340059109
0.9554239401496258,0.0028835042676583138
0.926405325443787,0.004863438533840677
0.9147540983606557,0.002192327214736471
0.9264551651809125,0.0068613722024428786
0.9399779735682818,0.0016307458592374731
0.925813105631776,0.037517954403913784
0.9433304272013949,0.00412546303462725
0.9389580093312597,0.004625846421898793
0.88536866359447,0.007808140769726445
0.9292604501607717,0.003355088611058113
1.0,1.4399521935871729e-05
0.9508740204942736,0.005968601842418831
0.9289849583378422,0.03326289567186369
0.9660161507402423,0.0026711113191042056
0.9528159931212381,0.00836972212522544
0.9233128834355828,0.000583180638402805
0.9717331768388107,0.009197694636538066
0.9240170031880981,0.06097117575696486
0.8125,0.00016919438274649282
0.9189868522815161,0.004651045585286569
0.8773554256010399,0.005536616184342679
0.9458719460825611,0.008542516388455903
0.8854378818737272,0.0017639414371442867
0.9432367149758454,0.000741575379697394
0.938247579267135,0.018956970628575133
0.8975095785440612,0.0009359689258316623
0.9483062808750882,0.005097430765298592
0.9625410991075622,0.022988836770619216
0.941747572815534,0.00147955087891082
0.9421921921921923,0.002393920521838675
0.8982485404503753,0.004312656819793583
0.9413938753959874,0.003405486937833664
0.9353323699421965,0.0024875174144218413
0.9198070715411757,0.047950408046452855
0.9537162162162163,0.002660311677652302
0.9005847953216375,0.0012275592450330648
0.9342105263157894,0.0002015933071022042
0.9278711484593838,0.00513702945062224
0.9073917931422146,0.006400587500494983
0.8915562913907285,0.0010835640256743474
0.9807692307692308,4.3198565807615186e-05
0.9361326152810501,0.010691645037384758
0.9507410636442895,0.00412546303462725
0.9144417475728155,0.00147955087891082
0.9532374100719425,0.0009971668940591172
0.9438454627133872,0.004003067098172341
0.9318181818181821,0.0001547948608106211
0.8187500000000001,0.0014363523131032047
0.9611398963730571,0.000691177052921843
